Name,Price,Price Range
54 ThronesAFRICAN Beauty Butter- Intensive Dry Skin Treatment258,12.00 -,38
54 ThronesMini AFRICAN Beauty Butter- Intensive Dry Skin Treatment145,12,
Alpha-HBalancing Cleanser78,38,
Alpha-HBeauty Sleep Power Peel Age-Defying Night Peel15,106,
Alpha-HLiquid Gold Exfoliating Treatment with Glycolic acid915,22.00 -,56
Alpha-HLiquid Gold Firming Eye Cream17,82,
Alpha-HLiquid Gold Midnight Reboot Serum with 14% Glycolic Acid and Tripeptide-516,105,
Alpha-HMini Liquid Gold Exfoliating Treatment with Glycolic Acid34,22,
Alpha-HTriple Action Cleanser12,38,
Alpha-HVitamin A Serum with 0.5% Retinol95,65,
Alpha-HVitamin B Serum with 5% Niacinamide and Peptides84,65,
alpyn beautyCreamy Bubbling Cleanser with Vitamin C & AHAs167,36,
alpyn beautyJuneberry & Collagen Hydrating Cold Cream Cleanser241,39,
alpyn beautyLine-Filling Eye Cream with Bakuchiol and Caffeine263,62,
alpyn beautyMelt Moisturizer with Bakuchiol and Squalane465,25.00 -,60
alpyn beautyMini Melt Moisturizer with Bakuchiol and Squalane32,25,
alpyn beautyMini Wild Huckleberry 8-Acid Polishing Peel Mask21,23,
alpyn beautyPore Perfecting Liquid Exfoliator with 2% BHA + Borage106,39,
alpyn beautyTriple Vitamin C Brightening Bounce Cream Moisturizer225,49,
alpyn beautyVitamin C & Bearberry Instant Glow Serum167,59,
alpyn beautyWild Huckleberry 8-Acid Polishing Peel Mask350,23.00 -,56
alpyn beautyWild Nettle & Niacinamide Instant Firming Serum289,58.00: ,
alpyn beautyWillow & Sweet Agave Plumping Lip Mask150,28,
BeautyBioBright Eyes Collagen-Infused Brightening Colloidal Silver Eye Masks202,40,
BeautyBioGlass & Gloss 2-Step Facial Retexturizing & Brightening Treatment181,69,
BeautyBioGLOfacial Clarifying Salicylic & Plumping Hyaluronic Acid Concentrate8,45,
BeautyBioGloPRO® Prep Pads Clarifying Skin Cleansing Wipes with Peptides18,39,
BeautyBioHealthy Scalp Hair Density& Clarifying Serum129,59.00: ,
BeautyBioThe Balance pH Balancing Gel Cleanser87,39.00: ,
BeautyBioThe Daily Vitamin C Day Serum with Antioxidant Complex17,75.00: ,
BeautyBioThe Eyelighter Concentrate55,58.00: ,
BeautyBioThe Nightly Retinol + Peptide Anti-Aging Serum10,95.00: ,
BeautyBioThe Pout Sparkling Rosé Hyaluronic Acid Collagen Plumping Lip Serum83,39,
BeautyBioThe Quench Eye Reviving Quadralipid Eye Balm6,99,
BeautyBioThe Quench Quadralipid Rapid Recovery Facial Moisturizer39,129.00: ,
BeautyBioThe Radiance Brightening Vitamin E + Rosehip Seed Facial Oil12,70,
BeautyBioThe Radiance Nourishing Body Oil with Jojoba + Apricot + Olive Oil19,60,
BeautyBioThe Sculptor with LipoCare™ Cellulite Smoothing Body Cream15,65,
BeautyBioThe ZenBubble Gel Cream193,69.00: ,
BeautyBioZenBubble Bi-Phase Toner Serum26,49,
BiossanceGlow with Gratitude Set3,51,68
BiossanceInstant Hydration Set4,74,
BiossanceMini Squalane + Vitamin C Rose Firming Oil45,40,
BiossanceRadiantly Rose Duo Set10,25,
BiossanceRapid Radiance Set140,35,
BiossanceSqualane + 10% Lactic Acid Resurfacing Serum969,65,
BiossanceSqualane + 10% Vitamin C Dark Spot Serum637,65,
BiossanceSqualane + Amino Aloe Gentle Pore-Minimizing Cleanser532,28,
BiossanceSqualane + Antioxidant Makeup Removing Cleansing Oil641,32,
BiossanceSqualane + BHA Pore-Minimizing Toner611,30,
BiossanceSqualane + Caffeine Toning Body Cream177,30,
BiossanceSqualane + Copper Peptide Rapid Plumping Serum525,68,
BiossanceSqualane + Elderberry Nourishing Jelly Cleanser238,20,28.00: 
BiossanceSqualane + Enzyme Sugar Body Scrub19,28,
BiossanceSqualane + Glycolic Real Mask266,34,48.00: 
BiossanceSqualane + Marine Algae Firming & Lifting Eye Cream1K,56,
BiossanceSqualane + Omega Repair Deep Hydration Moisturizer2.1K,20.00 -,78
BiossanceSqualane + Peptide Brightening & De-Puffing Eye Gel653,56,
BiossanceSqualane + Probiotic Balancing Gel Moisturizer715,54,
BiossanceSqualane + Retinol Night Serum220,72,
BiossanceSqualane + Vitamin C Rose Brightening Moisturizer342,56,
BiossanceSqualane + Vitamin C Rose Firming Oil1.5K,40.00 -,74
BiossanceSqualane + Zinc Sheer Mineral Sunscreen SPF 30 PA +++662,34.00 -,46
BiossanceSqualane+ Rose Vegan Lip Balm280,16,
BREAD BEAUTY SUPPLYMini Everyday Hair Gloss Oil298,14.00: ,
By Rosie JaneCalm the F*ck Down Body Oil2,40,
By Rosie JaneCalm the F*ck Down Everyday Essentials Set3,35,
By Rosie JaneRosie Everyday Body Oil1,40,
By Rosie Jaake the F*ck Up Body Oil2,40,
By Rosie Jaake the F*ck Up Deodorant46,15,
calirayJust Add Rays Universal Translucent Glow Booster Drops87,34,
"CaudalieBeauty Elixir Prep, Set, Glow Face Mist3.4K",20.00 -,49
CaudalieDeep Exfoliating Cleanser14,38,
CaudalieGentle Buffing Cream236,35,
CaudalieGrape Water Moisturizing Face Mist1.7K,12.00 -,20
CaudalieHand and Nail Cream1.3K,16,
"CaudalieMini Beauty Elixir Prep, Set, Glow Face Mist3.4K",20,
CaudalieMini Grape Water Moisturizing Face Mist14,12,
CaudalieMini Pore Minimizing Instant Detox Mask1.1K,22,
CaudalieMoisturizing Vegan Body Butter158,38,
CaudaliePore Minimizing Instant Detox Mask1.1K,22.00 -,42
CaudaliePremier Cru Anti Aging Cream Moisturizer with Hyaluronic Acid251,109.00 -,129
CaudaliePremier Cru Anti-Aging Eye Cream for Fine Lines and Wrinkles405,85,
CaudaliePremier Cru Anti-Aging Serum with Niacinamide and Hyaluronic Acid212,139,
CaudaliePremier Cru Fine Lines and Wrinkles Anti-Aging Set2,139,
CaudaliePremier Cru Skin Barrier Rich Moisturizer with Bio-Ceramides176,109.00 -,129
CaudalieResveratrol Lift Firming Eye Gel-Cream176,62,
CaudalieResveratrol Lift Retinol Alternative Firming Cashmere Moisturizer336,69,
CaudalieResveratrol Lift Retinol Alternative Firming Night Moisturizer172,72,
CaudalieResveratrol-Lift Ultimate Firming Set6,84,
CaudalieVinoclean Cleansing Micellar Water666,30,
CaudalieVinoclean Gentle Cleansing Almond Milk178,30,
CaudalieVinoclean Gentle Foam Cleanser154,30,
CaudalieVinoclean Makeup Removing Cleansing Oil441,30,
CaudalieVinoclean Moisturizing Toner with Rose Water176,30,
CaudalieVinofresh Natural Aluminum-Free Deodorant241,16,
CaudalieVinoperfect Brightening Glycolic Essence535,59,
CaudalieVinoperfect Brightening Glycolic Night Cream240,69,
CaudalieVinoperfect Brightening Glycolic Peel Mask193,42,
CaudalieVinoperfect Brightening Solution Set9,82,
CaudalieVinoperfect Instant Brightening Moisturizer with Niacinamide703,65,
CaudalieVinoperfect Radiance Dark Spot Serum Vitamin C Alternative2.9K,82,
CaudalieVinopure Natural Salicylic Acid Pore Minimizing Serum1.4K,52,
CaudalieVinopure Natural Salicylic Acid Pore Minimizing Toner463,30,
CaudalieVinopure Oil-Control Moisturizer for Acne Prone Skin139,38.00: ,
CaudalieVinopure Pore Purifying Gel Cleanser953,30,
CaudalieVinopure Purifying Clay Mask144,42,
CaudalieVinosource-Hydra Grape Water Gel Moisturizer185,45,
CaudalieVinosource-Hydra Moisturizing Mask161,42,
CaudalieVinosource-Hydra Moisturizing Sorbet2K,38,
CaudalieVinosource-Hydra SOS Hydrating Hyaluronic Acid Serum191,52,
CaudalieVinosource-Hydra SOS Intense Hydration Moisturizer505,45,
CAY SKINDeepwater Hydrating & Soothing Body Crème with Sea Moss & Niacinamide31,28,
CAY SKINDeepwater Nourishing Lip Mask with Sea Moss and Aloe Stem Cells55,22,
CAY SKINIsle Glow Face Moisturizer SPF 45 with Sea Moss and Niacinamide526,34,
CAY SKINIsle Lip Balm SPF 30 with Sea Moss and Aloe Stem Cells3 Colors237,14,
Community Sixty-SixDetoxifying AHA/BHA Gel Cleanser119,16,
Community Sixty-SixEveryday Mineral Moisturizer SPF 30 Sunscreen13,30,
Community Sixty-SixHydrating Caffeine Eye Cream116,18,
Community Sixty-SixHydrating Cream Cleanser with Hyaluronic Acid8,16,
Community Sixty-SixHydrating Oil-Free Gel Moisturizer241,25,
Community Sixty-SixMakeup Melting Balm Cleanser249,16,
Community Sixty-SixNourishing Rich Moisturizer with Hyaluronic Acid10,25,
Community Sixty-SixOil Control Moisturizer with Niacinamide20,25,
Community Sixty-SixRetinol Resurfacing Night Moisturizer243,35,
COOLAClassic Body Organic Sunscreen Spray SPF 50 Fragrance-Free77,28.00: ,
COOLAClassic Body Organic Sunscreen Spray SPF 70 Peach Blossom52,28,
COOLAClassic Face Mist SPF 50,28,
COOLAClassic Face Organic Sunscreen Lotion SPF 306,32,
COOLAClassic Face Sunscreen SPF 50 White Tea47,32,
COOLACOOLA Organic Liplux Classic Sunscreen Lip Oil SPF 3020,18,
COOLACOOLA Scalp & Hair Mist Organic Sunscreen SPF 308,28,
COOLAFull Spectrum 360° Refreshing Water Mist Organic Face Sunscreen SPF 18100,36,
COOLAFull Spectrum 360° Sun Silk Drops Organic Sunscreen SPF 30800,48,
COOLAFull Spectrum 360º Refreshing Water Cream Organic Face Sunscreen SPF 50267,48,
COOLAMakeup Setting Spray Organic Sunscreen SPF 30624,36,
COOLAOrganic Sunless Tan Anti-Aging Face Serum156,54,
COOLASunless Tan Express Sculpting Mousse27,48,
COOLASunless Tan Firming Lotion41,46,
DAMDAMMochi Mochi Luminous Plumping & Hydrating Moisturizer339,48,
DAMDAMNomad’s Cream Purifying & Exfoliating AHA Cleanser198,38,
DAMDAMParadisi Hydrating Essence Mist40,48,
DAMDAMRice Drops Face Oil Hydrating Serum187,68,
DAMDAMSilk Rice Makeup-Removing Cleansing Oil197,46,
DAMDAMSkin Mud Pure Vitamin C Brightening Mask62,48,
DAMDAMSnow Mushroom Pore Cleanser with Exfoliating Glove110,47,
Dr. Barbara SturmAloe Vera Gel9,75,
Dr. Barbara SturmAnti-Aging Body Cream11,125,
Dr. Barbara SturmAnti-Pollution Drops49,150.00: ,
Dr. Barbara SturmBalancing Toner30,75.00: ,
Dr. Barbara SturmBrightening Face Cream5,240,
Dr. Barbara SturmBrightening Face Lotion7,205,
Dr. Barbara SturmBrightening Serum9,310,
Dr. Barbara SturmCalming Serum19,255.00: ,
Dr. Barbara SturmClarifying Acne Spot Treatment14,55,
Dr. Barbara SturmClarifying Face Cream22,225,
Dr. Barbara SturmClarifying Mask16,150,
Dr. Barbara SturmClarifying Serum16,255.00: ,
Dr. Barbara SturmCleanser70,75.00: ,
Dr. Barbara SturmDarker Skin Tones Enzyme Cleanser10,75,
Dr. Barbara SturmDarker Skin Tones Face Cream Rich3,240,
Dr. Barbara SturmDarker Skin Tones Face Cream9,225,
Dr. Barbara SturmDarker Skin Tones Foam Cleanser10,75,
Dr. Barbara SturmDarker Skin Tones Hyaluronic Serum11,300,
Dr. Barbara SturmEnzyme Cleanser59,75,
Dr. Barbara SturmEye Cream253,145.00: ,
Dr. Barbara SturmFace Cream Light15,215.00: ,
Dr. Barbara SturmFace Cream Rich22,240.00: ,
Dr. Barbara SturmFace Cream816,75.00 -,225.00: 
Dr. Barbara SturmFace Mask54,125.00: ,
Dr. Barbara SturmGlow Drops819,60.00 -,150.00: 
Dr. Barbara SturmHyaluronic Serum884,110.00 -,320.00: 
Dr. Barbara SturmMini Glow Drops819,60.00: ,
Dr. Barbara SturmMini Hyaluronic Serum884,110.00: ,
Dr. Barbara SturmMini Super Anti-Aging Serum106,130.00: ,
Dr. Barbara SturmNight Serum47,310.00: ,
Dr. Barbara SturmSuper Anti-Aging Face Cream89,360.00: ,
Dr. Barbara SturmSuper Anti-Aging Serum106,130.00 -,370.00: 
Dr. Barbara SturmThe Good C Vitamin C Serum24,145.00: ,
Dr. Dennis Gross SkincareAdvanced Retinol + Ferulic Intense Wrinkle Cream141,77,
Dr. Dennis Gross SkincareAdvanced Retinol + Ferulic Overnight Texture Real Peel148,82,
Dr. Dennis Gross SkincareAdvanced Retinol + Ferulic Overnight Wrinkle Treatment247,87,
Dr. Dennis Gross SkincareAdvanced Retinol + Ferulic Texture Real Serum287,76,
Dr. Dennis Gross SkincareAdvanced Retinol + Ferulic Triple Correction Eye Serum308,71,
Dr. Dennis Gross SkincareAll-Physical Dark Spot Sun Defense Sunscreen Broad Spectrum SPF 50225,21,42.00: 
Dr. Dennis Gross SkincareAll-Physical Lightweight Wrinkle Defense Broad Spectrum Sunscreen SPF 30294,42,
Dr. Dennis Gross SkincareAlpha Beta Daily Essentials - Extra Strength26,92,
Dr. Dennis Gross SkincareAlpha Beta® AHA/BHA Daily Cleansing Gel439,15.00 -,60
Dr. Dennis Gross SkincareAlpha Beta® Daily Moisturizer87,72,
Dr. Dennis Gross SkincareAlpha Beta® Exfoliating Body Treatment Peel708,18.00 -,60
Dr. Dennis Gross SkincareAlpha Beta® Extra Strength Daily Peel Pads7.4K,20.00 -,153
Dr. Dennis Gross SkincareAlpha Beta® Ultra Gentle Daily Peel Pads for Sensitive Skin239,20.00 -,92
Dr. Dennis Gross SkincareAlpha Beta® Universal Daily Peel Pads1.4K,20.00 -,153
Dr. Dennis Gross SkincareClinical Grade Resurfacing Liquid Peel1.3K,90,
Dr. Dennis Gross SkincareDRx Blemish Solutions™ Acne Eliminating Gel619,42.00: ,
Dr. Dennis Gross SkincareDRx Blemish Solutions™ Clarifying Mask with Colloidal Sulfur387,29,
Dr. Dennis Gross SkincareFirm + Bright + Glow Vitamin C Lactic Set9,85,
Dr. Dennis Gross SkincareHyaluronic Marine Dew It Right Eye Gel149,55,
Dr. Dennis Gross SkincareHyaluronic Marine Hydrating Modeling Mask76,52,
Dr. Dennis Gross SkincareHyaluronic Marine Hydration Booster137,72,
Dr. Dennis Gross SkincareHyaluronic Marine Oil-Free Moisture Cushion146,65,
Dr. Dennis Gross SkincareHyaluronic Marine™ Makeup Removing Meltaway Cleanser595,32,
Dr. Dennis Gross SkincareInstant Radiance Sun Defense Sunscreen Broad Spectrum SPF 402 Colors66,42,
Dr. Dennis Gross SkincareMini Alpha Beta® AHA/BHA Daily Cleansing Gel15,15,
Dr. Dennis Gross SkincareMini Alpha Beta® Exfoliating Body Treatment Peel18,18,
Dr. Dennis Gross SkincareMini Alpha Beta® Extra Strength Daily Peel Pads650,20,
Dr. Dennis Gross SkincareMini Alpha Beta® Ultra Gentle Daily Peel Pads for Sensitive Skin13,20,
Dr. Dennis Gross SkincareMini Alpha Beta® Universal Daily Peel Pads373,20,
Dr. Dennis Gross SkincareStress SOS Eye Cream™ with Niacinamide275,65,
Dr. Dennis Gross SkincareVitamin C Lactic 15% Firm & Bright Serum234,85,
Dr. Dennis Gross SkincareVitamin C Lactic Biocellulose Brightening Treatment Mask117,12.00 -,46
Dr. Dennis Gross SkincareVitamin C Lactic Dewy Deep Cream255,75,
Dr. Dennis Gross SkincareVitamin C Lactic Firm & Bright Eye Treatment186,68,
Dr. Dennis Gross SkincareVitamin C Lactic Oil-Free Radiant Moisturizer112,72,
Dr. Dennis Gross SkincareVitamin C+ Collagen Deep Cream261,72,
Drunk ElephantA-Gloei™ Retinol Oil490,40.00 -,72
Drunk ElephantA-Passioni™ Retinol Cream1.3K,28.00 -,74
Drunk ElephantA-Shaba Complex Retinol Eye Serum with Caffeine + Copper Peptides107,64,
"Drunk ElephantAnytime, Anyface Lactic Acid Serum + Protini Moisturizer Duo9",28.00: ,
Drunk ElephantB-Hydra™ Intensive Hydration Serum with Hyaluronic Acid2.6K,49,
Drunk ElephantBaby Pekee Bar™ + Juju Bar Travel Duo601,16,
Drunk ElephantBeste™ No. 9 Jelly Cleanser2.7K,16.00 -,34
Drunk ElephantCall It A Night Glycolic Serum + Moisturizer duo112,28.00: ,
Drunk ElephantCeramighty™ AF Eye Cream with Ceramides433,60,
Drunk ElephantD-Bronzi™ Anti-Pollution Bronzing Drops with Peptides2.1K,38,
Drunk ElephantDay Dream Vitamin C + Hydration Serum Duo 2.031,26,
Drunk ElephantE-Rase™ Milki Micellar Water1K,14.00 -,28
Drunk ElephantEarly Bird Hydrate + Brighten Set2,54.00: ,
Drunk ElephantJuJu Exfoliating Bar386,28,
Drunk ElephantKamili™ Cream Body Cleanser234,22,
Drunk ElephantLala Retro™ Whipped Refillable Moisturizer with Ceramides2K,20.00 -,62
Drunk ElephantLippe Balm1.9K,18,
Drunk ElephantMini A-Gloei Retinol Oil1,40,
Drunk ElephantMini A-Passioni™ Retinol Cream84,28,
Drunk ElephantMini Lala Retro™ Whipped Moisturizer with Ceramides,20,
Drunk ElephantMini Protini™ Polypeptide Moisturizer165,22,
Drunk ElephantMini Wonderwild Miracle Butter4,18,
Drunk ElephantPekee™ Cleansing Bar450,28,
Drunk ElephantProtini™ Polypeptide Firming Refillable Moisturizer6.5K,22.00 -,98
Drunk ElephantProtini™ Powerpeptide Resurfacing Serum with Lactic Acid715,82,
Drunk ElephantScrubbi Bamboes ™ Body Cleanser17,24,
Drunk ElephantShaba Complex™ Firming Eye Serum1.1K,60,
Drunk ElephantSili™ Body Lotion421,24,
Drunk ElephantSili™ Whipped Body Lotion10,30,
Drunk ElephantSlaai™ Makeup-Melting Butter Cleanser1.5K,36,
Drunk ElephantSugared Koffie™ Almond Milk Body Scrub176,32,
Drunk ElephantSweet Biome™ Fermented Sake Hydrating Spray677,42,
Drunk ElephantSweet Pitti™ Deodorant Cream903,16,
Drunk ElephantT.L.C Glycolic Body Lotion76,28,
Drunk ElephantT.L.C. Framboos™ Glycolic Resurfacing Night Serum3.4K,90.00 -,134
Drunk ElephantThe Littles™ Skincare Travel Set10,74,
Drunk ElephantUmbra Sheer™ Physical Daily Defense SPF 301.4K,34,
Drunk ElephantUmbra Tinte™ Physical Daily Defense SPF 30847,36.00: ,
Drunk ElephantWonderwild Miracle Butter378,18.00 -,38
EADEMCloud Cushion Plush Moisturizer with Ceramides + Peptides156,58.00: ,
EADEMDew Dream- Hydrating Makeup Removing Cleansing Balm with Tiger Grass111,30.00: ,
EADEMMilk Marvel Dark Spot Serum with Niacinamide and Vitamin C228,68.00: ,
EvianBrumisateur® Natural Mineral Water Facial Spray386,14.00 -,19.5
FaceGymAcne Light Shot Strips,17,
FaceGymAcne Light Shot19,90,
FaceGymActive Blast Concentrated Collagen Daily Treatment101,65.00 -,185
FaceGymBrightening Active Roller with Vitamin C67,70.00: ,
FaceGymElectro-Lite Enzyme Brightening Gel Cleanser72,38,
FaceGymFace Coach Lifting Squalane Face Oil76,70.00: ,
FaceGymFaceshot™ Vitamin Ampoules Refill1,90,
FaceGymFaceshot™ Vitamin Ampoules Refill37,90.00 -,275.00: 
FaceGymHydrating Active Roller with Hyaluronic Acid30,70,
FaceGymHydro-Bound Hyaluronic Acid + Niacinamide Serum69,68.00: ,
FaceGymLiftwear Brightening Vitamin C Gel-Cream77,60.00: ,
FaceGymSkin Changer Succinic Acid Essence-Toner69,48,
FaceGymSupreme Restructure Collagen-Boosting Cermide Cream25,85.00 -,120
FaceGymYouth Reformer Firming Vitamin C Oil Serum53,110,
FaceGymYouthful Active Roller with Niacinamide38,70,
Farmacy10% Niacinamide Night Mask915,26.00 -,44
Farmacy10% Waterless Vitamin C Serum832,50,
FarmacyBrighten Up 3% TXA Dark Spot Toner with Azelaic Acid628,34,
FarmacyClean Bee Ultra Gentle Facial Cleanser882,28,
"FarmacyCleanse + Treat Duo Nighttime Routine for Clean, Smooth Skin13",46,
FarmacyClearly Clean Makeup Removing Cleansing Balm631,24.00 -,36
FarmacyDaily Greens Oil-Free Gel Moisturizer with Moringa and Papaya1.4K,42,
FarmacyDouble Clean Team Makeup Melting Balm + Foaming Cleanser,60,
FarmacyFILLING GOOD hyaluronic acid plumping serum914,48,
FarmacyGreen Clean Makeup Removing Cleansing Balm6.2K,24.00 -,60
FarmacyGreen Defense Daily Mineral Sunscreen SPF 30301,36,
FarmacyHealthy Skin Starter Kit98,42,
FarmacyHoney Body Butter Ultra-Hydrating Body Cream51,35,
FarmacyHoney Butter Beeswax Lip Balm841,12,
FarmacyHoney Grail Ultra-Hydrating Face Oil314,48,
FarmacyHoney Halo Moisturizer Jumbo106,74,
FarmacyHoney Halo Ultra-Hydrating Ceramide Moisturizer1.4K,25.00 -,74
FarmacyHoney Haven Hydration Bestsellers Set12,60,
FarmacyHoney Savior All-in-One Skin Repair Salve531,34,
FarmacyHoneymoon Glow AHA Resurfacing Night Serum1.9K,60,
FarmacyHoneymoon Glow Body 12% AHA/BHA Bump-Smoothing Night Serum83,40,
FarmacyMini 10% Niacinamide Night Mask915,26,
FarmacyMini Clearly Clean Makeup Removing Cleansing Balm631,24,
FarmacyWhipped Greens Oil-Free Foaming Cleanser with Moringa and Papaya490,12.00 -,28
Fenty SkinBuff Ryder Exfoliating Body Scrub With Superfine Sand + Fruit Enzymes72,34,
Fenty SkinButta Drop Refillable Whipped Oil Body Cream468,23.00 -,44
Fenty SkinButta Drop Whipped Oil Hydrating Body Cream Mini59,23,
Fenty SkinCherry Treat Conditioning + Strengthening Lip Oil577,24,
Fenty SkinCocoa Cleans'r Soothing All-Over Cleansing Bar302,14,
Fenty SkinFat Water Hydrating Milky Toner Essence with Hyaluronic Acid + Tamarind301,34,
Fenty SkinFat Water Niacinamide Pore-Refining Toner Serum with Barbados Cherry496,34,
Fenty SkinFlash Nap Instant Revival Priming Eye Gel-Cream With Green Tea + Persian Silk Tree70,36.00 -,44
Fenty SkinHydra Vizor Refillable Invisible Face Moisturizer SPF 30 with Niacinamide37,35,
Fenty SkinHydra Vizor Refillable Invisible Face Moisturizer SPF 30 with Niacinamide791,25.00 -,39
Fenty SkinInstant Reset Brightening Overnight Recovery Gel-Cream With Niacinamide + Kalahari Melon Oil170,26.00 -,45
Fenty SkinInstant Reset Brightening Overnight Recovery Gel-Cream with Niacinamide Refill9,40,
Fenty SkinMelt Awf Jelly Oil Makeup-Melting Cleanser202,34,
Fenty SkinMini Cleansing Bar Duo + Case,19,
Fenty SkinMini Hydra Vizor Invisible Moisturizer Broad Spectrum SPF 30 Sunscreen with Niacinamide15,25,
Fenty SkinMini Instant Reset Brightening Overnight Recovery Gel-Cream With Niacinamide + Kalahari Melon Oil170,26,
Fenty SkinMini Total Cleans'r Makeup Removing Cleanser23,15.00: ,
Fenty SkinPlush Puddin’ Intensive Recovery Lip Mask With Pomegranate Sterols + Vitamin E403,22,
Fenty SkinPre-Show Glow Refillable Instant Retexturizing 10% AHA Treatment185,34.00 -,42
Fenty SkinRe + Recover Face + Eye Hydration Essentials,45,
Fenty SkinThe Body Duo Mini Body Scrub + Moisturizer Essentials5,24,32
Fenty SkinThe Glow Around 4-Piece Travel Skincare Essentials Set1,41.3,59
Fenty SkinThicc N Smooth Rich Peptide Eye Cream,42,
Fenty SkinTotal Cleans'r Remove-It-All Cleanser with Barbados Cherry433,15.00 -,28
First Aid Beauty10% Vitamin C Brightening Serum355,50,
First Aid Beauty2-in-1 Cleansing Oil + Makeup Remover74,26.00: ,
First Aid BeautyAnti-Chafe Stick with Shea Butter + Colloidal Oatmeal121,20,
First Aid BeautyBounce-Boosting Serum with Collagen + Peptides91,44,
First Aid BeautyDeep Cleanser with Red Clay1.1K,24,
First Aid BeautyEye Duty Niacinamide Brightening Eye Cream392,36,
First Aid BeautyFab Faves To Go Kit83,30,
First Aid BeautyFAB Faves Trio4,30,
First Aid BeautyFAB Pharma BHA Acne Spot Treatment Gel 2% Salicylic Acid77,26,
First Aid BeautyFAB Pharma White Clay Acne Treatment Pads 2% Salicylic Acid65,30,
First Aid BeautyFAB Skin Lab Retinol Eye Cream with Triple Hyaluronic Acid162,44,
First Aid BeautyFAB Skin Lab Retinol Serum 0.25% Pure Concentrate160,58,
First Aid BeautyFacial Radiance Niacinamide Dark Spot Serum187,42,
First Aid BeautyFacial Radiance Pads2.6K,18.00 -,36
First Aid BeautyHello FAB Bendy Avocado Concealer453,22,
First Aid BeautyHello FAB Coconut Skin Smoothie Priming Moisturizer1.8K,32,
First Aid BeautyHello FAB Coconut Water Cream1.1K,36,
First Aid BeautyHydrating Eye Cream with Hyaluronic Acid71,30,
First Aid BeautyHydrating Serum with Hyaluronic Acid112,40,
First Aid BeautyHydrating Ultra Repair® Cream Duo13,46,
First Aid BeautyIngrown Hair Pads with BHA & AHA242,20.00 -,36
First Aid BeautyKP Bump Eraser Body Scrub with 10% AHA1.8K,12.00 -,34
First Aid BeautyMineral Sunscreen Zinc Oxide Broad Spectrum SPF 30248,28,
First Aid BeautyMini KP Bump Eraser Body Scrub with 10% AHA1.8K,12,
First Aid BeautyMini Pure Skin Face Cleanser5.2K,12,
First Aid BeautyPure Skin Face Cleanser5.2K,12.00 -,42
First Aid BeautySculpting Body Lotion35,34,
First Aid BeautySmooth + FAB Travel Size Duo1,20,
First Aid BeautyUltra Repair Face Moisturizer991,28,
First Aid BeautyUltra Repair Firming Collagen Cream with Peptides and Niacinamide541,44,
First Aid BeautyUltra Repair Hydra-Firm Night Cream563,44,
First Aid BeautyUltra Repair Lip Therapy1K,12.00: ,
First Aid BeautyUltra Repair Oil-Control Moisturizer292,36,
First Aid BeautyUltra Repair Wild Oat Hydrating Toner531,24,
First Aid BeautyUltra Repair® Cream Intense Hydration9.7K,18.00 -,48
First Aid BeautyUltra Repair® Oat & Hemp Seed Dry Oil443,36,
Flora + BastAge Adapting CBD Serum177,38.50 -,77
Flora + BastAPHRODISIA™ Intimate Arousal Cannabis Oil19,77,
Flora + BastSoothe + Hydrate Barrier Building Hydrosol Mist3,44,
Freck BeautyCactus Water Cleansing Lactic Acid Toner209,32,
Freck BeautyRich Bitch Cactus + Vitamin C Moisturizer225,34,
freshBlack Tea Anti-Aging Moisturizer with Retinol-Alternative BT Matrix1.4K,95,
freshBlack Tea Corset Cream Firming Moisturizer154,95,
freshBlack Tea Firming and De-Puffing Eye Cream610,68,
freshBlack Tea Firming Eye Serum63,72.00: ,
freshBlack Tea Firming Overnight Mask482,40.00 -,96
freshBlack Tea Instant Perfecting Mask908,40.00 -,96
freshBrown Sugar Body Polish Exfoliator857,67,
freshCitron de Vigne Body Lotion81,28,
freshCleanse & Hydrate Mini Skincare Gift Set1,29,
freshFloral Recovery Overnight Mask with Squalane1.1K,28.00 -,69
freshFresh Life Body Lotion25,28,
freshHesperides Grapefruit Body Lotion24,28,
freshHydrating Skincare Gift Set9,59,
freshKombucha 2-in-1 No-Rinse Cleanser & Prebiotic Treatment716,44,
freshKombucha Antioxidant Facial Treatment Essence1.3K,39.00 -,118
freshLotus Anti- Aging Daily Moisturizer1.1K,21.00 -,54
freshLotus Anti-Aging Night Moisturizer1.7K,22.00 -,56
freshLotus Youth Preserve Eye Cream763,45,
freshLotus Youth Preserve Rescue Mask491,28.00 -,69.00: 
freshMilk Body Cleanser720,32,
freshMilk Body Lotion704,42,
freshMilk Hydrating Hand Cream495,20,
freshMini Black Tea Instant Perfecting Mask28,40.00: ,
freshMini Floral Recovery Overnight Mask with Squalane4,28,
freshMini Kombucha Antioxidant Facial Treatment Essence1,39,
freshMini Lotus Anti-Aging Night Moisturizer155,22,
freshMini Lotus Youth Preserve Moisturizer75,21,
freshMini Rose & Hyaluronic Acid Deep Hydration Moisturizer53,18,
freshMini Rose & Hyaluronic Acid Deep Hydration Toner340,26,
freshMini Soy pH-Balanced Hydrating Face Wash8.7K,15,
freshMini Sugar Strawberry Exfoliating Face Wash183,15,
freshMini Vitamin Nectar Glow Juice Antioxidant Face Serum137,28,
freshRadiant Skincare Day & Night Gift Set,62,
freshRose & Hyaluronic Acid Deep Hydration Moisturizer1.8K,18.00 -,74
freshRose & Hyaluronic Acid Deep Hydration Toner1.4K,26.00 -,46
freshRose & Squalane Deep Hydration Oil-Infused Serum982,60,
freshRose Face Mask2.4K,26.00 -,64
freshRose Floral Toner937,15.00 -,40
freshRose Hydration Pore-Minimizing Mist17,24,
freshRose Petal-Soft Deep Hydration Lip Balm700,25.00: ,
freshSoy Hydrating Gentle Face Cleanser8.7K,15.00 -,71
freshSugar Advanced Lip Balm Intense Hydration Treatment3K,28,
freshSugar Face Polish Exfoliator1.1K,26.00 -,64
freshSugar Hydrating Lip Balm4 Colors2.2K,18.00 -,19
freshSugar Lemon Body Lotion281,28,
freshSugar Lip Balm Hydrating Treatment12 Colors1.2K,25,
freshSugar Lychee Body Lotion144,28,
freshSugar Mint Rush Freshening Lip Treatment529,25,
freshSugar Recovery Lip Mask Advanced Therapy603,28,
freshSugar Strawberry Exfoliating Face Wash1.3K,15.00 -,33
freshSugar Triple-Action Lip Serum Advanced Therapy7,38,
freshTea Elixir Niacinamide & Hyaluronic Acid Anti-Aging Serum1.9K,80.00 -,110
freshUmbrian Clay Pore Purifying Face Mask6,26.00 -,60
freshVitamin C Glow Moisturizer419,48,
GisouHoney Infused Lip Oil232,32,
GlossierAfter Baume Moisture Barrier Recovery Cream55,28,
GlossierCleanser Concentrate AHA Clarifying and Exfoliating Face Wash11,21,
GlossierFuturedew Facial Oil-Serum Hybrid135,26,
GlossierInvisible Shield Water-Gel Transparent Sunscreen SPF 3517,25,
GlossierMilky Jelly Gentle Gel Face Cleanser96,19,
GlossierMilky Oil Dual-Phase Waterproof Makeup Remover22,14.00: ,
GlossierPriming Moisturizer Balance Oil-Control Gel-Cream14,25,
GlossierPriming Moisturizer Lightweight Buildable Face Cream24,24,
GlossierPriming Moisturizer Rich Face Cream with Ceramides26,35,
GlossierSolution Skin-Perfecting Daily Chemical Exfoliator21,26,
GlossierSuper Bounce Hyaluronic Acid + Vitamin B5 Hydrating Face Serum26,29,
GlossierSuper Glow Vitamin C Brightening Face Serum13,29,
GlossierSuper Pure Clarifying Face Serum with Niacinamide + Zinc27,29,
GlossierUniversal Pro-Retinol Overnight Reing Treatment12,35,
Glow RecipeAvocado Ceramide Moisture Barrier Cleanser653,28,
Glow RecipeAvocado Soothing Skin Barrier Serum with Ceramides1.4K,45,
Glow RecipeFruit Babies Bestsellers Kit207,34,
Glow RecipeGlow Lip Pop Lip Balm1.1K,22,
Glow RecipeGlowy Skin Prep Besties Set124,52,
Glow RecipeMini Blueberry Bounce Gentle Cleanser323,10,
Glow RecipeMini Plum Plump Hyaluronic Acid Moisturizer1.5K,21,
Glow RecipeMini Watermelon Glow PHA + BHA Pore-Tight Toner3.4K,15,
Glow RecipeMini Watermelon Pink Juice Oil-Free Moisturizer417,21,
Glow RecipePlum Plump™ Hyaluronic Acid Hydrating Serum1.9K,45,
Glow RecipeStrawberry BHA Pore-Smooth Blur Drops591,32,
Glow RecipeStrawberry Smooth BHA + AHA Salicylic Acid Serum1K,42,
Glow RecipeWatermelon Glow AHA Night Treatment740,21.00 -,40
Glow RecipeWatermelon Glow AHA Pink Dream Body Cream1.7K,29,
Glow RecipeWatermelon Glow Hyaluronic Clay Pore-Tight Facial Mask985,40,
Glow RecipeWatermelon Glow Niacinamide Dew Drops Serum2.4K,20.00 -,35
Glow RecipeWatermelon Glow Niacinamide Sunscreen SPF 501.3K,35,
Glow RecipeWatermelon Glow Ultra-Fine Mist994,29,
Glow RecipeWatermelon Pink Juice Oil-Free Moisturizer1.9K,21.00 -,39
"goop""The Martini"" Emotional Detox Bath Soak25",40,
goopG.Tox Himalayan Salt Scalp Scrub Shampoo904,15.00 -,55
goopG.Tox Malachite and AHA Pore Refining Tonic15,75,
goopG.Tox Malachite and Fruit Acid Pore Purifying Cleanser18,48,
goopGOOPGENES All-In-One Nourishing Eye Cream627,55,
goopGOOPGENES All-In-One Nourishing Face Cream738,98.00: ,
goopGOOPGENES All-in-One Nourishing Skincare Kit2,85,
goopGOOPGENES All-In-One Super Nutrient Face Oil37,98,
goopGOOPGENES Nourishing Repair Body Butter23,65,
goopGOOPGLOW 20% Vitamin C and Hyaluronic Glow Serum28,125,
goopGOOPGLOW Afterglow Body Oil3,48,
goopgoopglow Cloudberry Exfoliating Jelly Cleanser414,35,
goopGOOPGLOW Exfoliating Dark Spot Sleep Serum252,98,
goopGOOPGLOW Flower Acids Resurfacing Toner7,45,
goopGOOPGLOW Glow Lotion815,25.00 -,58
goopGOOPGLOW Microderm Instant Glow Body Polish1,48,
goopGOOPGLOW Microderm Instant Glow Exfoliator2.1K,42.00 -,125
goopGOOPGLOW Vita-C Brightening Eye Cream243,58,
goopMini G.Tox Himalayan Salt Scalp Scrub Shampoo904,15,
GUERLAINAbeille Royale Anti-Aging Double R Advanced Serum422,175.00 -,240
GUERLAINAbeille Royale Anti-Aging Eye Cream14,110,
GUERLAINAbeille Royale Anti-Aging Fortifying Lotion Toner834,85,
GUERLAINAbeille Royale Bestsellers Travel Set8,195,
GUERLAINAbeille Royale Day Cream14,170,
GUERLAINAbeille Royale Intense Repair Youth Oil in Balm1,235,
GUERLAINAbeille Royale Night Cream3,200,
GUERLAINMidnight Secret Late Night Recovery Treatment Anti-Fatigue Serum49,32,
HABITN°38 Facial Sunscreen Mist with SPF 38112,30,
HABITN°41 Facial Sunscreen Mist with SPF 41210,30,
HanniShave Pillow Moisturizing Body Gel152,24.00: ,
HanniShave Starter Set2 Colors181,68.00: ,
HanniSplash Salve In-Shower Body Moisture Treatment60,34,
HanniThe Weighted Razor Kit4 Colors156,42,
HerbivoreAmethyst Body Scrub with Epsom Salt74,46.00: ,
HerbivoreAquarius BHA + Blue Tansy Clarifying Cleanser76,26,
HerbivoreAquarius Pore Purifying BHA Cream217,46,
HerbivoreBamboo Charcoal Detoxifying Soap Bar342,14,
HerbivoreBlue Tansy BHA and Enzyme Pore Refining Mask1.9K,50,
HerbivoreCLOUD JELLY Plumping Hydration Serum209,50,
HerbivoreCoco Rose Exfoliating Body Scrub489,40,
HerbivoreCoco Rose Soft Glow Body Oil12,38,
HerbivoreCoconut Milk Bath Soak152,22.00: ,
HerbivoreEmerald CBD + Adaptogens Deep Moisture Glow Oil559,60,
HerbivoreEmerald Hemp Seed Deep Moisture Glow Oil477,50.00: ,
HerbivoreJade De-Puffing Face Roller292,32.00: ,
HerbivoreJasmine Glowing Hydration Body Oil147,44,
HerbivoreJasmine Green Tea Oil Control Toner315,39,
HerbivoreLapis Blue Tansy Face Oil - For Oily & Acne-Prone Skin967,15.00 -,74
HerbivoreMoon Dew 1% Bakuchiol + Peptides Retinol Alternative Eye Cream154,48,
HerbivoreMoon Fruit 1% Bakuchiol + Peptides Retinol Alternative Serum112,62,
HerbivoreMoon Fruit Retinol Alternative Sleep Mask14,54,
HerbivoreNova 15% Vitamin C + Turmeric Brightening Serum255,65,
HerbivoreOrchid Antioxidant Beauty Face Oil - For Combination Skin241,74.00: ,
HerbivorePhoenix Rosehip Anti-Aging Face Oil - For Dry Skin344,15.00 -,88
HerbivorePink Cloud Rosewater + Squalane Makeup Removing Face Wash631,26,
HerbivorePink Cloud Soft Moisture Cream231,46,
HerbivorePrism AHA + BHA Exfoliating Glow Facial304,58.00: ,
HerbivorePrism AHA + BHA Exfoliating Glow Serum172,54.00: ,
HerbivoreRose Hibiscus Hydrating Mist69,36,
HerbivoreSkin in the Clouds Set18,32.00: ,
HerbivoreSuper Nova 5% THD Vitamin C + Caffeine Brightening Eye Cream178,48,
HUM NutritionFan Club™ - multi-symptom menopause support83,40,
HUM NutritionPRO ACV Healthy Gut Vegan Gummies with 100% Organic Apple Cider Vinegar and Probiotics169,26,
Hyper SkinBrightening Dark Spot Vitamin C Serum145,36.00 -,58.00: 
Hyper SkinFade and Glow AHA Mask65,48,
Hyper SkinGentle Brightening Gel Cleanser with Mandelic Acid97,28.00: ,
Hyper SkinHyper Even Daily Duo Kit for Hyperpigmentation15,39,
Hyper SkinMini Brightening Dark Spot Vitamin C Serum14,36,
ILIAC Beyond Triple Serum SPF 40 Mineral Sunscreen with Vitamin C 10% + Niacinamide3 Colors635,64,
iNNBEAUTY PROJECT10 + 10 Moisturizer with 10% Vitamin C + 10% Peptide Complex + Ceramides303,35,
iNNBEAUTY PROJECTDown to Tone Resurfacing Acid Toner123,28,
iNNBEAUTY PROJECTFoam Around Clarifying Daily Cleanser Infused with Glycolic Acid87,22,
iNNBEAUTY PROJECTGet Glazed Lip Duo5,25,
iNNBEAUTY PROJECTGlaze Lip Oil4 Colors209,17,
iNNBEAUTY PROJECTGREEN MACHINE insta-glo resurfacing acid mask49,30,
iNNBEAUTY PROJECTGreen Machine Vitamin C + Green Superfoods Jelly Serum421,34,
iNNBEAUTY PROJECTKeep It Clean Hydrating Gel Cleanser with Ceramides & 10 Amino Acids157,26,
iNNBEAUTY PROJECTNext Level Moisturizer93,24,
iNNBEAUTY PROJECTPimple Paste Overnight Blemish Drying Paste253,17,
iNNBEAUTY PROJECTRefine AHA + BHA Texture & Pore Serum108,38,
iNNBEAUTY PROJECTRetinol Remix 1% Retinol Treatment With Peptide & Tranexamic Acid227,48,
iNNBEAUTY PROJECTSlushy Serum Moisturizer Crush Infused with Bakuchiol392,30,
iNNBEAUTY PROJECTThe Healthy Skin Edit Bestsellers Kit94,36.00: ,
Isle of ParadiseBlend It Multi-Purpose Self-Tan Blender26,22,
Isle of ParadiseBlending Brush36,24,
Isle of ParadiseDay Dew Self-Tan Face Mist53,24,
Isle of ParadiseExpress Ultra Dark Mousse120,32,
Isle of ParadiseNight Glow Self-Tan Face Mist71,24,
Isle of ParadiseOver It Magic Self-Tan Eraser25,30,
Isle of ParadiseOwn Your Glow Kit281,35,
Isle of ParadiseSelf-Tanning Firming Body Drops24,38,
Isle of ParadiseSelf-Tanning Mousse14,32,
Josie Maran100 percent Pure Argan Oil7.8K,18.00 -,96
Josie MaranArgan Beta Retinol Pink Algae Serum760,69,
Josie MaranArgan Bright Skin Vitamin C Serum531,66,
Josie MaranArgan Cleansing Oil2K,36,
Josie MaranArgan Daily Moisturizer Tinted SPF 47 Protect + Perfect488,38,
Josie MaranArgan Infinity Cream Intensive Creamy Oil1.2K,28,
Josie MaranArgan Pro-Retinol Eye Cream644,42,
Josie MaranGet Even Sun Milk SPF 33359,17.00 -,46.00: 
"Josie MaranIntensive Daily Repair Body Butter for Eczema, Extra Dry, and Sensitive Skin158",46,
Josie MaranMini 100 percent Pure Argan Oil244,18,
Josie MaranMini Bear Naked Wipes108,12,
Josie MaranMini Get Even Sun Milk SPF 336,17,
Josie MaranPineapple Enzyme Pore Clearing Cleanser678,29,
Josie MaranPro-Retinol Megamoisture Face Cream280,54,
Josie MaranPure Argan Milk™ Intensive Hydrating Treatment1.1K,56.00: ,
Josie MaranSmooth Like Butter Kit10,30,
Josie MaranVibrancy Argan Oil Foundation Fluid1.7K,33.75,45
Josie MaranVibrancy Argan Oil Full Coverage Concealer Fluid2 Colors296,28,
Josie MaranWhipped Argan Oil Body Butter2.1K,38.00 -,56
Josie MaranWhipped Argan Oil Face Butter1.4K,45,
Josie MaranWhipped Argan Oil SPF 45 Body Butter44,42,
Josie MaranWhipped Argan Pro-Retinol Body Butter262,46,
Kate McLeodDaily Stone Solid Refillable Body Moisturizer294,12.00 -,45
Kate McLeodFace Stone Nourishing Solid Refillable Facial Oil with Tamanu + Blue Tansy135,60.00 -,68
Kate McLeodForest Stone Solid Refillable Body Moisturizer4,12.00 -,45
Kate McLeodGrounding Stone Solid Refillable Body Moisturizer84,12.00 -,45
Kate McLeodMini Daily Stone Solid Body Moisturizer294,12,
Kate McLeodMini Forest Stone Solid Body Moisturizer5,12,
Kate McLeodMini Grounding Stone Solid Body Moisturizer84,12,
Kate McLeodMini Sex Stone Solid Body Moisturizer103,12,
Kate McLeodMini Sleep Stone Solid Body Moisturizer94,12,
Kate McLeodSex Stone Solid Refillable Body Moisturizer103,12.00 -,45
Kate McLeodSleep Stone Solid Refillable Body Moisturizer94,12.00 -,45
Kiehl's Since 1851Creamy Eye Treatment with Avocado1.7K,36.00 -,60
Kiehl's Since 1851Micro-Dose Anti-Aging Retinol Serum with Ceramides and Peptide600,65.00 -,92
Kiehl's Since 1851Mini Creamy Eye Treatment with Avocado1.7K,36,
Kiehl's Since 1851Retinol Skin Reing Daily Micro Dose Serum Duo,148,
Kiehl's Since 1851Super Multi-Corrective Anti-Aging Eye Cream,80,
Kiehl's Since 1851Super Multi-Corrective Anti-Aging Eye Cream584,60.00 -,80
Kiehl's Since 1851Ultra Facial Advanced Repair Barrier Cream321,48,
Kiehl's Since 1851Ultra Facial Cleanser Home & Away Bundle,26,
Kiehl's Since 1851Ultra Facial Cleanser864,25.00 -,30
Kiehl's Since 1851Ultra Facial Overnight Hydrating Face Mask with 10.5% Squalane436,45,
KopariTropical Cocount Melt4,29,
KORA OrganicsActive Algae Lightweight Refillable Moisturizer210,48.00 -,58
KORA OrganicsBerry Bright Firming Vitamin C Refillable Eye Cream410,48.00 -,58
KORA OrganicsMini Noni Glow Face Oil1.2K,28,
KORA OrganicsMini Turmeric BHA Pore & Brightening Treatment Mask497,18.00: ,
KORA OrganicsMinty Mineral Hydration Face Mist with Aloe Vera184,44,
KORA OrganicsNoni Bright 12% Vitamin C Serum389,73,
KORA OrganicsNoni Glow Hydrating & Toning Body Oil50,63,
KORA OrganicsNoni Glow Overnight Plumping Hydration Mask92,52,
KORA OrganicsNoni Glow Plumping Face Oil1.1K,28.00 -,72
KORA OrganicsNoni Night AHA Pore & Resurfacing Serum555,74.00: ,
KORA OrganicsNoni Radiant Brightening Eye Oil400,42.00: ,
KORA OrganicsPlant Stem Cell Retinol Alternative Serum126,75,
KORA OrganicsTurmeric BHA Pore & Brightening Treatment Mask497,18.00 -,52
KORA OrganicsTurmeric Glow Brightening Refillable Moisturizer1K,50.00 -,62
KORA OrganicsTurmeric Glow Foaming Cleanser291,44,
KORRESBlack Pine 3D Eye-Lift Super Serum159,61,
KORRESGreek Yoghurt Foaming Cream Cleanser4.2K,16.00 -,28
KORRESGreek Yoghurt Nourishing Probiotic Gel-Cream3.1K,38.5,
KORRESGreek Yoghurt Probiotic Superdose Face Mask509,52,
KORRESMenoReverse Volumizing Serum-in-Moisturizer59,45,
KORRESMini Greek Yoghurt Foaming Cream Cleanser86,16,
KORRESSantorini Grape Poreless Skin Cream3.2K,38.5,
KORRESSantorini Grape Velvet Skin Drink430,50,
KORRESWild Rose Brightening Absolute Oil622,54,
KORRESWild Rose Night-Brightening Sleeping Facial1.4K,50,
KosasDreamBeam Silicone-Free Mineral Sunscreen SPF 40 with Ceramides and Peptides8,40,
KosasGood Body Skin AHA + Enzyme Exfoliating Body Wash121,22,
KosasWet Lip Oil Plumping Treatment Gloss - Undressed Collection6 Colors159,22,
KosasWet Lip Oil Plumping Treatment Gloss11 Colors434,22,
LAWLESSForget the Filler Lip-Plumping Line-Smoothing Tinted Lip Balm6 Colors555,26,
LAWLESSForget The Filler Overnight Lip Plumping Mask3 Colors738,22,
lilah b.Lovingly Lip™ Hyaluronic Treatment Oil99,15,30
Luna DailyMini The Everywhere pH Balanced Wash - With Prebiotics + Vitamins C & E5,10,
Luna DailyThe Everywhere pH Balanced Wash - With Prebiotics + Vitamins C & E60,10.00 -,19
Luna DailyThe Fragrance Free Everywhere Spray-To-Wipe - With Prebiotics + Vitamins C & E6,16,
Luna DailyThe Fragrance Free Everywhere Wash - pH Balanced Body Wash With Prebiotics + Vitamins C & E6,19,
"Luna DailyThe Hydrating Everywhere pH Balanced Wash - With Prebiotics, Vitamins C + E, Omegas 3 & 616",19,
"Luna DailyThe Hydrating Everywhere Spray-To-Wipe - With Prebiotics, Vitamins C & E, Omegas 3 & 610",16,
Luna DailyThe Original Everywhere Spray-To-Wipe - With Prebiotics + Vitamins C & E48,16,
"Luna DailyThe Travel-Size Everything Oil - With Rosehip Oil, Vitamin C & E for Ingrowns, Redness + Bumps10",18,
MACRENE activesHigh Performance Eye Cream for Dark Circles with Hyaluronic Acid88,135,
MACRENE activesHigh Performance Face Cleanser for Clear Skin with Niacinamide85,85,
MACRENE activesHigh Performance Face Serum with Vitamin C and Hyaluronic Acid162,195,
MACRENE activesMoisturizing High Performance Face Cream with Peptides44,225,
MACRENE activesPlumping High Performance Lip Filler with Hyaluronic Acid159,95,
MARAChia + Moringa® Algae Enzyme Cleansing Oil251,58,
MARAEvening Primrose + Green Tea® Algae Retinol Face Oil78,66.00 -,120
MARAMini Algae + Moringa® Universal Face Oil181,40,
MARAMini Evening Primrose + Green Tea® Algae Retinol Face Oil78,66,
MARASea Silk Lip Balm40,26,
maudeburn - jojoba oil massage candle107,18.00 -,30.00: 
maudeClean - hydrating hand sanitizing spray with coconut oil52,10,
"maudeOil - 100% organic, cold-pressed body and bath oil59",35,
maudeShave - moisturizing shave oil67,32,
"maudeShine - ultra-hydrating, organic aloe-based personal lubricant171",10.00 -,25.00: 
maudeSoak - vitamin-rich mineral bath salts87,18,
maudeSoothe - ingrown hair oil88,30,
maudeTub Kit - mineral bath salt soak and coconut milk bath set96,36,
maudeWash - pH-balanced body wash and bubble bath161,22.00: ,
"maudeWipe - water-activated, biodegradable wipes52",12,
MERITGreat Skin Instant Glow Serum with Niacinamide and Hyaluronic Acid513,38,
MILK MAKEUPCooling Water1.3K,28,
MILK MAKEUPVegan Milk Cleanser789,30,
MILK MAKEUPVegan Milk Moisturizer1.7K,38,
MILK MAKEUPWatermelon Brightening Serum299,36,
Moon JuiceAcid Potion AHA + BHA Resurfacing Exfoliator406,15.00 -,42
Moon JuiceCosmic Cream™ Collagen Protecting Moisturizer75,58,
Moon JuiceMilk Cleanse Gentle Foaming Cleanser48,32,
Moon JuiceMini Acid Potion AHA + BHA Resurfacing Exfoliator4,15,
Moon JuiceSuperHair® Daily Hair Nutrition Refillable Supplement294,24.00 -,60
Moon JuiceSuperPower™ Immune Support Supplement1,38,
Moon JuiceSuperYou® Daily Stress Management Refillable Supplement513,25.00 -,49
Naturally SeriousAfter-Dark Natural Peptide Sleeping Cream177,37,
Naturally SeriousFruit-Tox Resurfacing Facial Remedy196,27,
Naturally SeriousGet Even™ Cold-Pressed Peel Pads230,32,
Naturally SeriousIllumi-nation™ Anti-Fatigue Power Serum88,39,
Naturally SeriousLemon-Aid Makeup-Removing Cleansing Gel67,19,
Naturally SeriousMask-imum Revival™ Hydra-Plumping Mask126,27,
Naturally SeriousMineral Sun Defense Moisturizer Broad Spectrum SPF 3077,36,
Naturally SeriousSkin Warrior™ Moisture Rescue Cream168,35,
Naturally SeriousSleepover Retin-Oil Nighttime Treatment64,39,
Naturally SeriousSupercharge Anti-Oxidant Moisture Serum99,39,
Naturally SeriousZero Baggage™ Anti-Dark Circle Eye Cream116,26,
"NécessaireMini The Body Lotion - With Niacinamide, Vitamins + Peptides61",15,
"NécessaireThe Body Bar - With 2% Physical Exfoliant, 5 Ceramides + Niacinamide20",12,
"NécessaireThe Body Cream - With 5 Ceramides, Colloidal Oatmeal + Niacinamide423",45.00: ,
NécessaireThe Body Exfoliator - With Bamboo Charcoal4 Colors122,30,
"NécessaireThe Body Lotion - With Niacinamide, Vitamins + Peptides1.3K",15.00 -,28
NécessaireThe Body Oil - 100% Organic. 100% Cold-Pressed.27,40,
"NécessaireThe Body Serum - With Hyaluronic Acid, Niacinamide + Ceramide593",45,
"NécessaireThe Body Wash - With Niacinamide, Vitamins + Plant Surfactants Refill71",40.00: ,
"NécessaireThe Body Wash - With Niacinamide, Vitamins + Plant Surfactants1.2K",25.00 -,40
NécessaireThe Deodorant Gel - With 5% Alpha Hydroxy Acid (AHA) and Niacinamide548,15,
NécessaireThe Hand Cream - With Peptide116,20,
"NécessaireThe Sunscreen - 100% Mineral, Broad Spectrum SPF 30 with 20% Non-Nano Zinc, Hyaluronic Acid and Niacinamide451",25,
NUDESTIXNUDESKIN Citrus-C Mask & Daily Moisturizer104,39.00: ,
NUDESTIXNUDESKIN Lemon-Aid Detox & Glow Micro-Peel101,35.00: ,
OLEHENRIKSEN10% AHA Lemonade Smoothing Scrub​1.3K,18.00 -,35
OLEHENRIKSENAcids Done Bright Smoothing Skincare Set11,44,
OLEHENRIKSENBalance It All™ Oil Control & Pore-Refining Set23,40,
OLEHENRIKSENBanana Bright 15% Vitamin C Serum1K,71,
OLEHENRIKSENBanana Bright Mineral Face Sunscreen SPF 30166,35,
OLEHENRIKSENBanana Bright Sun-Kissed Self-Tanning Face Primer with Vitamin C117,40.00: ,
OLEHENRIKSENBanana Bright+ Vitamin C Eye Crème592,42,
OLEHENRIKSENBeamCream Smoothing Body Moisturizer with AHAs401,20.00 -,38
OLEHENRIKSENCold Plunge™ Pore Remedy Moisturizer with BHA/LHA1K,51,
OLEHENRIKSENDewtopia 20% PHA/AHA Retexturizing Night Serum1.5K,60,
OLEHENRIKSENDewtopia 5% AHA Firming Night Crème340,60,
OLEHENRIKSENFirmly Yours Dry Body Oil with Peptides395,45,
OLEHENRIKSENGlow Strong Mini Moisturizer + Eye Cream Duo,25,
OLEHENRIKSENGlow2OH™ Dark Spot Toner3K,19.00 -,35
OLEHENRIKSENHydrabarrier Nourishing Face Oil208,58,
OLEHENRIKSENMini BeamCream Smoothing Body Moisturizer with AHAs1,20,
OLEHENRIKSENMini Lemonade Smoothing Scrub52,18.00: ,
OLEHENRIKSENMini Strength Trainer Peptide Boost Firming Moisturizer11,20,
OLEHENRIKSENMini Truth Juice™ Daily Cleanser528,16.00: ,
OLEHENRIKSENOLE Glow Icons Skincare Set6,62,
OLEHENRIKSENPHAT Glow Facial™ Mask1.8K,52,
OLEHENRIKSENPout Preserve Peptide Lip Treatment132,22,
OLEHENRIKSENStay in Touch Restorative Hand Crème63,22,
OLEHENRIKSENStrength Trainer Peptide Boost Firming Moisturizer879,20.00 -,51
OLEHENRIKSENThe Night Time Edit- Jenna Rennert X OLEHENRIKSEN6,65,
OLEHENRIKSENTruth Barrier Booster Orange Ferment Vitamin C Essence604,48,
OLEHENRIKSENTruth Juice™ Daily Cleanser528,16.00 -,33
OLEHENRIKSENTruth Serum Vitamin C Serum132,56,
OLEHENRIKSENWrinkle Blur™ Bakuchiol Eye Gel Crème887,52,
OriginsBestsellers Recruitment Set42,29,
OriginsChecks and Balances™ Frothy Face Wash Jumbo and Polishing Exfoliator Duo to Cleanse & Purify Pores2,46,
OriginsChecks and Balances™ Frothy Face Wash3.3K,15.00 -,27
OriginsChecks and Balances™ Polishing Exfoliator93,27,
OriginsClear Improvement® Active Charcoal Mask to Clear Pores4.5K,17.00 -,32
OriginsClear Improvement™ Pore Clearing Moisturizer with Salicylic Acid1.3K,40,
OriginsDr. Andrew Weil For Origins™ Mega-Bright SPF 30 Skin Tone Correcting Oil-Free Moisturizer207,63,
OriginsDr. Andrew Weil for Origins™ Mega-Mushroom Relief & Resilience Hydra Burst Gel Lotion29,71,
OriginsDr. Andrew Weil for Origins™ Mega-Mushroom Relief & Resilience Soothing Cream17,71,
OriginsDr. Andrew Weil for Origins™ Mega-Mushroom Relief & Resilience Soothing Treatment Lotion573,40,
OriginsDr. Andrew Weil for Origins™ Mega-Mushroom Weightless Hydrating Moisturizer11,40,
OriginsDrink Up™ Intensive Overnight Hydrating Mask with Avocado & Swiss Glacier Water1.6K,17.00 -,32
OriginsEye Doctor™ Moisture Care For Skin Around Eyes502,49,
OriginsGinger Souffle™ Whipped Body Cream101,41,
OriginsGinZing™ Energizing Gel Cream with Caffeine & Niacinamide120,36,
OriginsGinZing™ Into the Glow Brightening Serum259,46,
OriginsGinZing™ Refreshing Scrub Cleanser1.6K,27,
OriginsGinZing™ Ultra-Hydrating Energy-Boosting Cream3.1K,36,
OriginsGinzing™ Vitamin C Eye Cream to Brighten and Depuff2 Colors967,29.00 -,37
OriginsHigh-Potency Night-A-Mins Oil-Free Resurfacing Cream with Fruit Derived AHAs402,52,
OriginsHigh-Potency Night-a-Mins™ Resurfacing Cream with Fruit-Derived AHAs1.3K,52,
OriginsMini Clear Improvement™ Active Charcoal Mask to Clear Pore127,17,
OriginsMini Drink Up™ Intensive Overnight Hydrating Mask with Avocado & Swiss Glacier Water105,17,
OriginsMINI GINZING™ VITAMIN C EYE CREAM TO BRIGHTEN AND DEPUFF43,29,
OriginsMini Original Skin™ Retexturizing Mask with Rose Clay105,17,
OriginsOriginal Skin™ Matte Moisturizer with Willowherb2.3K,24.00 -,40
OriginsOriginal Skin™ Retexturizing Mask with Rose Clay1.8K,17.00 -,32
OriginsOrigins x National Geographic -  Earth Month Set3,23.4,39
OriginsOut of Trouble™ 10 Minute Mask to Rescue Problem Skin1K,32,
OriginsPlantscription™ Anti-Aging Power Eye Cream129,58,
OriginsPLANTSCRIPTION™ Multi-powered Anti-Aging Peptide Serum226,61,
OriginsPlantscription™ Retinol Night Moisturizer40,73,
OriginsPlantscription™ SPF 25 Power Anti-Aging Cream64,73,
OriginsPlantscription™ SPF 25 Power Anti-Aging Oil-Free Cream46,73,
OriginsPlantscription™ Youth-Reing Power Night Cream78,73,
OriginsSuper Spot Remover™ Acne Treatment Gel1.7K,20,
Peace OutAcne Salicylic Acid Day & Night Duo92,19.00 -,32
Peace OutSalicylic Acid Acne Day Dots792,19.00 -,32
Peace OutSalicylic Acid Acne Healing Dots4.6K,19.00 -,45
Peace OutSalicylic Acid Acne Treatment Serum135,34,
PHLURMissing Person Hand Cream2,20,
PrimaArousal Bath Gem Sensual Bath Soak with Natural Aphrodisiacs2,16,
"PrimaBeyond Body Oil Lightweight, Anti-Aging & Nourishing Oil58",56,
PrimaNight Magic Restorative Face Oil with Firming Botanicals410,68,
PrimaR+R Cream Cooling Recovery Rub for Soothing Comfort with Menthol + Hemp38,38,
PrimaRecover Bath Gem Body-Soothing Bath Soak with Arnica + Magnesium2,18,
PrimaSkin Therapy Rich Ultra-Hydrating Body Butter for Dry Skin14,32,
PrimaThe Afterglow Deep Moisturizing Cream with Hyaluronic Acid & Vegan Collagen381,68.00: ,
PrimaUnwind Bath Gem Relaxing Bath Soak with Epsom Salt + Moisturizing Oils82,15.00 -,48
RANAVATBalancing Crème Cleanser - Luminous Ceremony173,45,
RANAVATDetoxifying Facial Massage Tool - Kansa Wand22,70,
RANAVATHydrating Jasmine Mist - Royal Refresh35,45,
RANAVATMini Radiant Rani- Saffron Brightening Dark Spot Treatment218,35,
RANAVATRadiant Rani- Saffron Brightening Dark Spot Treatment218,35.00 -,135
RANAVATReing Bakuchi Crème - Eternal Reign204,95,
RANAVATRestoring Moonseed Treatment - L’Immortale Empress54,125,
RANAVATResurfacing Saffron AHA Masque - Radiant Rani181,75,
RANAVATSacred Rose Restoring Hand Crème with Antioxidants1,32,
RANAVATSmoothing Facial Polish - Imperial Glow176,45,
REN Clean SkincareAtlantic Kelp and Magnesium Anti-Fatigue Body Wash - 100% Recycled Plastic119,30,
REN Clean SkincareBrightening Dark Circle Eye Cream373,51,
REN Clean SkincareClearcalm Clarifying Clay Cleanser40,38,
REN Clean SkincareEvercalm Barrier Support Face Oil262,60,
REN Clean SkincareEvercalm™ Barrier Support Antioxidant Moisturizer1K,52,
REN Clean SkincareEvercalm™ Ultra Comforting Rescue Mask505,52,
REN Clean SkincareGlow Daily Vitamin C Gel Cream194,54,
REN Clean SkincareGlow One Step Further Radiance Kit29,28,
REN Clean SkincareGlycol Lactic Radiance Real Mask1.3K,58,
REN Clean SkincareMini Ready Steady Glow Daily AHA Tonic1.2K,22.00 -,40
REN Clean SkincareOvernight Glow Dark Spot Sleeping Cream476,55.00: ,
REN Clean SkincarePerfect Canvas Clean Jelly Oil Cleanser266,37,
REN Clean SkincarePerfect Canvas Clean Primer518,49,
REN Clean SkincareRadiance Vitamin C Glow Serum412,69,
REN Clean SkincareReady Steady Glow Daily AHA Tonic1.2K,22.00 -,60
REN Clean SkincareStop Being So Sensitive Evercalm™ Kit69,34,
ROSE INCEye Revival Brightening Eye Cream188,55.00: ,
ROSE INCHydration Replenish Microencapsulated Plumping Gel Moisturizer190,20.00 -,70.00: 
ROSE INCMini Hydration Replenish Microencapsulated Plumping Gel Moisturizer190,20,
ROSE INCMini Skin Resolution Clarifying Acid Toner184,15,
ROSE INCRadiant Reveal Clean Brightening Vitamin C Serum166,74,
ROSE INCSkin Enhance Luminous Skin Tint Serum Foundation14 Colors634,49.00 -,59
ROSE INCSkin Resolution Clean Exfoliating Acid Toner184,15.00 -,32.00: 
ROSE INCSolar Power Luminous SPF 30 Brightening Serum271,18.00 -,46.00: 
ROSE INCThe Brightening Essentials Skincare Gift Set4,66,
ROSE Ingleton MDBlemish Control Booster Serum33,70,
ROSE Ingleton MDCalming Hydration Booster Serum21,70,
ROSE Ingleton MDComplexion Brightening Booster Serum34,70,
ROSE Ingleton MDMini SuperFruit Gentle Brightening Cleanser3,14,
ROSE Ingleton MDRetexturizing Retinol Booster Serum18,70,
ROSE Ingleton MDSignature Moisturizer120,85,
ROSE Ingleton MDSuperFruit Gentle Brightening Cleanser14,14.00 -,38
Rosebud Perfume Co.Menthol And Eucalyptus Lip Balm402,7,
Rosebud Perfume Co.Minted Rose Lip Balm2K,8,
Rosebud Perfume Co.Rosebud Salve in a Tube2.4K,7,
Rosebud Perfume Co.Rosebud Salve5.2K,7,
Rosebud Perfume Co.Strawberry Lip Balm116,8,
Rosebud Perfume Co.Strawberry Lip Balm2.4K,8,
SaieMini Sunvisor Radiant Moisturizing Face Sunscreen SPF 358,16,
SaieSunvisor Radiant Moisturizing Face Sunscreen SPF 35184,16.00 -,38
Saint Jane BeautyBright Repair Eye Cream – 10% Vitamin C174,65,
Saint Jane BeautyHydrabloom Body Silk With Hyaluronic Acid16,48,
Saint Jane BeautyHydrating Petal Cream – 1% Pure Hyaluronic Acid Moisturizer76,68,
Saint Jane BeautyLuxury Body Nourishing Serum61,58,
Saint Jane BeautyLuxury Lip Shine – Longwear Hydration Lip Oil with Vitamin C29,28,
Saint Jane BeautySacred Sleep Overnight Repair with Retinol57,70,
Saint Jane BeautyThe C Drops – 20% Vitamin C Blend Brightening Serum100,90,
SEPHORA COLLECTIONAcne Treatment Gel1,20,
SEPHORA COLLECTIONAHA Peeling Masks46,7,10
SEPHORA COLLECTIONAll Day Body Hydrator with Shea Butter36,18,
SEPHORA COLLECTIONAll Day Body Hydrator213,17,
SEPHORA COLLECTIONAll-Over Solid Cleanser202,3,4
SEPHORA COLLECTIONBrightening Dual Facial Enzyme Exfoliator26,14,
SEPHORA COLLECTIONBrightening Eye Cream with Caffeine and Hyaluronic Acid535,18,
SEPHORA COLLECTIONClarifying Peel Pads Purify + Exfoliate3,17,
SEPHORA COLLECTIONClean Cleansing & Gentle Exfoliating Wipes529,3.00 -,10
SEPHORA COLLECTIONClean Eye Mask4 Colors376,3.5,
SEPHORA COLLECTIONClean Face Sleeping Masks3 Colors53,6,
SEPHORA COLLECTIONClean Lip Balm & Scrub4 Colors611,3.5,7
SEPHORA COLLECTIONClean Lip Balm & Scrub6 Colors478,7,
SEPHORA COLLECTIONClean Skin Gel Cleanser with Prebiotics428,12,
SEPHORA COLLECTIONClean Solid Deodorants197,8,
SEPHORA COLLECTIONCleansing + Exfoliating Wipes7,3.00 -,10
SEPHORA COLLECTIONFirming Day Moisturizer with Peptides17,18,
SEPHORA COLLECTIONFirming Eye Cream with Peptides45,18,
SEPHORA COLLECTIONGingerbread Face Mask2,2.5,5
SEPHORA COLLECTIONGlow Peel Pads with AHA + PHA32,17,
SEPHORA COLLECTIONGlow Peel Pads452,15,
SEPHORA COLLECTIONGradual Self-Tanning Face Gel65,10,17
SEPHORA COLLECTIONGradual Tanning Drops Face & Body13,16,
SEPHORA COLLECTIONIlluminating Hydrator - Radiance + Smoothing46,17,
SEPHORA COLLECTIONLip Sleeping Mask3 Colors335,5,
SEPHORA COLLECTIONMelting Cleansing Balm Cleanse + Balance172,12,
SEPHORA COLLECTIONMelting Cleansing Balm Cleanse + Balance331,12,
SEPHORA COLLECTIONMini Triple Action Cleansing Water - Cleanse + Purify22,7,
SEPHORA COLLECTIONOvernight Hydrating Mask348,16,
SEPHORA COLLECTIONPores Target Serum57,20,
SEPHORA COLLECTIONPumpkin Face Mask13,3.5,5
SEPHORA COLLECTIONResurfacing Peel Mask244,18,
SEPHORA COLLECTIONResurfacing Sugar Body Scrub9,18,
SEPHORA COLLECTIONReusable Cotton Pads60,10,
SEPHORA COLLECTIONSmoothing Cleanser165,12,
SEPHORA COLLECTIONSugar Body Scrub64,12.5,18.00: 
SEPHORA COLLECTIONSuper Glow Cleansing Powder Vitamins C+E,12,
SEPHORA COLLECTIONTargeted Anti-Aging Bakuchiol Serum207,20,
SEPHORA COLLECTIONTargeted Dark Spots Serum with Enzymes321,20,
SEPHORA COLLECTIONTargeted Pores Serum with BHA + PHA342,20,
SEPHORA COLLECTIONThe Hydrating Kit18,20,
SEPHORA COLLECTIONTriple Action Cleansing Water - Cleanse + Purify149,7.00 -,17
SEPHORA COLLECTIONUltra Glow Mask with Vitamins C + E6,16,
SEPHORA COLLECTIONUltra Glow Serum: Glow + Strengthen Vitamin C Serum1.5K,20.00 -,28
SEPHORA COLLECTIONUltra Glow Toner with Vitamins C + E105,14,
SEPHORA COLLECTIONVitamin C Skincare Set13,15,
SEPHORA COLLECTIONVitamin Eye Masks2 Colors37,3.5,
SEPHORA COLLECTIONVitamin Mask205,7,10
SEPHORA COLLECTIONVitamin Tonic49,6,
SEPHORA COLLECTIONWishing You Mask Wishes2,25,
SEPHORA COLLECTIONWishing You Rescue Set8,10,
SkinfixAcne Away Kit + Salicylic Acid + Azelaic Acid + Niacinamide2,35,
SkinfixAcne+ 2% BHA + Azelaic Acid + Niacinamide + AHA Cleanser434,10.00 -,35
SkinfixAcne+ 2% BHA and Azelaic Acid Acne Spot Treatment428,30,
SkinfixBarrier+ Besties Hydrating and Nourishing Kit77,40,
SkinfixBarrier+ Foaming Clay Cleanser69,32,
SkinfixBarrier+ Foaming Oil Hydrating Cleanser999,30,
SkinfixBarrier+ Lip Repair Balm66,15,
SkinfixBarrier+ Lipid-Boost Body Cream155,48,
SkinfixBarrier+ Skin Barrier Niacinamide Restoring Gel Cream780,40.00 -,48
SkinfixBarrier+ Triple Lipid-Boost 360° Brightening Eye Cream936,44,
SkinfixBarrier+ Triple Lipid-Hyaluronate Serum422,50,
SkinfixBarrier+ Triple Lipid-Peptide Face Cream2.5K,20.00 -,78
SkinfixBarrier+ Triple Lipid-Peptide Lotion Moisturizer572,42,
SkinfixEczema+ Care Kit115,35,
SkinfixEczema+ Dermatitis Face Balm469,29,
SkinfixEczema+ Extra Strength Body Cream113,39,
SkinfixEczema+ Foaming Oil Body Wash125,27,
SkinfixEczema+ Hand Repair Cream429,20,
SkinfixEczema+ Targeted Body Balm103,27,
SkinfixMini Barrier+ Triple Lipid-Peptide Face Cream2.5K,20,
SkinfixRedness Recovery+ Antioxidant Redness Treatment Overnight Mask243,52,
SkinfixRemedy+ 911 Ointment20,28,
SkinfixResurface+ AHA Reing Body Cream703,48,
SkinfixResurface+ AHA/BHA Niacinamide Exfoliating Pads for Face and Targeted Body503,50,
SkinfixResurface+ Glycolic and Lactic Acid Reing Body Scrub763,32,
SOBEL SKIN Rx15% Niacinamide Gel Serum132,78,
SOBEL SKIN Rx30% Glycolic Acid Peel Concentrate25,48,
SOBEL SKIN Rx4.5% Retinol Serum148,110,
SOBEL SKIN RxBio Hyaluronic Moisturizer Cream,98,
SOBEL SKIN RxOligo Peptide Eye Cream6,68,
Soleil ToujoursBrightening Eye Cream Mineral SPF 15 with Peptides16,68,
Soleil ToujoursClean Conscious Body Sunscreen Mist with Vitamin C24,36.00: ,
Soleil ToujoursDaily Defense Mineral Body Lotion SPF 308,58.00: ,
Soleil ToujoursDaily Defense Moisturizer Mineral SPF 60 with Vitamin C12,58.00: ,
Soleil ToujoursHydra Lip Masque Mineral SPF 15 with Peptides12,26.00: ,
Soleil ToujoursSet + Protect Makeup Setting Spray SPF 30 with Hyaluronic Acid12,42.00: ,
Soleil ToujoursTinted Glow Lotion Mineral SPF 5021,58,
SourseHair & Nail Growth Bites - Vegan Biotin-Infused Chocolate Supplements5,15,
SourseSkin Glow Bites- Vegan Ceramide-Infused Chocolate Supplements20,15,
Summer FridaysBabymoon Belly Balm103,29,
Summer FridaysCC Me Vitamin C + Niacinamide Serum899,68,
Summer FridaysCloud Dew Gel Cream Moisturizer806,17.00 -,45
Summer FridaysDream Oasis Deep Hydration Serum490,44,
Summer FridaysHeavenly Sixteen All-In-One Face Oil216,55,
Summer FridaysJet Lag Mask4.4K,26.00 -,49
Summer FridaysLight Aura Vitamin C + Peptide Eye Cream382,42,
Summer FridaysLip Butter Balm6 Colors1.4K,24,
Summer FridaysMidnight Ritual Retinol Real Serum231,69,
Summer FridaysMini Cloud Dew Oil-Free Gel Cream806,17,
Summer FridaysMini Jet Lag Mask4.4K,26,
Summer FridaysPool Time Glowing Body Oil98,32.3,38
Summer FridaysR + R Mask493,54,
Summer FridaysShadeDrops Broad Spectrum SPF 30 Mineral Milk Sunscreen661,36,
Summer FridaysSheer Skin Tint with Hyaluronic Acid + Squalane10 Colors434,42,
Summer FridaysSoft Reset AHA Exfoliating Solution287,58,
Summer FridaysSuper Amino Gel Cleanser313,35,
Summer FridaysThe Vault Set5,375,
Supergoop!(Glow)Setting 100% Mineral Powder SPF 35160,36,
Supergoop!(Re) Setting Refreshing Mist SPF 40387,20.00 -,34
Supergoop!(Re)setting 100% Mineral Powder Sunscreen SPF 35 PA+++4 Colors382,35,
Supergoop!Bright-Eyed 100% Mineral Eye Cream SPF 40 PA+++445,40.00: ,
Supergoop!CC Screen 100% Mineral CC Cream SPF 50 PA++++13 Colors530,44,
Supergoop!Daily Dose Bioretinol + Mineral SPF 40 with Bakuchiol375,46,
Supergoop!Daily Dose Hydra-Ceramide Boost + SPF 40 Sunscreen Oil PA+++267,46,
Supergoop!Daily Dose Vitamin C + SPF 40 Sunscreen Serum PA+++576,46,
Supergoop!Glow Oil Body Sunscreen SPF 50 PA++++400,15.00 -,38
Supergoop!Glowscreen Body Sunscreen SPF 40 PA+++262,42,
Supergoop!Glowscreen Sunscreen SPF 40 PA+++ with Hyaluronic Acid + Niacinamide2.1K,22.00 -,48
Supergoop!Mineral Mattescreen Sunscreen SPF 40 PA+++133,22.00 -,38
Supergoop!Mineral Sheerscreen Sunscreen SPF 30 PA+++458,22.00 -,38
Supergoop!Mini (Re) Setting Refreshing Mist SPF 4058,20,
Supergoop!Mini Glowscreen Sunscreen SPF 40 PA+++ with Hyaluronic Acid + Niacinamide1.5K,22,
Supergoop!Mini Handscreen SPF 40278,14,
Supergoop!Mini Mineral Mattescreen Sunscreen SPF 40 PA+++27,22,
Supergoop!Mini Mineral Sheerscreen Sunscreen SPF 30 PA+++458,22,
Supergoop!Mini PLAY Everyday Sunscreen Lotion SPF 30 PA++++57,34,
Supergoop!Mini Unseen Sunscreen SPF 40 PA+++3.3K,22,
Supergoop!PLAY 100% Mineral Lotion SPF 30 with Green Algae11,36,
Supergoop!PLAY Antioxidant Body Sunscreen Mist SPF 30 PA++++19,21,
Supergoop!PLAY Body Sunscreen Mousse SPF 5024,34,
Supergoop!PLAY Mineral Mist SPF 30 with Marigold Extract3,34,
Supergoop!SPF Bestsellers Kit9,30,
Supergoop!Unseen Sunscreen SPF 40 PA+++3.3K,22.00 -,48
Supergoop!Zincscreen 100% Mineral Sunscreen Lotion SPF 40 PA+++357,44,
tarteMini SEA Deep Dive Cleansing Gel46,6,12
tarteMoisturizer Mini knockout brightening gel3,14,
tarteSEA FRXXXTION Stick Exfoliating Cleanser969,11,22
tarteSEA Mini Drink of H2O Hydrating Boost Moisturizer86,7,14
tarteSEA Pack Your Bags Undereye Patches298,11,22
tarteSEA Set & Protect Mineral Sunscreen Powder Broad Spectrum SPF 30100,14,29
Tata HarperBio-Barrier Eye Crème1,130,
Tata HarperBoosted Contouring Retinol Eye Balm12,260,
Tata HarperClarifying AHA + BHA Mask250,75,
Tata HarperClarifying Blemish & Oil Control Cleanser267,46.00 -,88
Tata HarperClarifying Moisturizer81,130,
Tata HarperCrème Riche Anti-Aging Peptide Night Cream21,230,
Tata HarperDeep Clean Kit,85,
Tata HarperGlow Facial Set1,98,
Tata HarperHydrating Floral Mask32,95,
Tata HarperHydrating Hyaluronic Acid Floral Essence94,76,
Tata HarperMini Clarifying Blemish & Oil Control Cleanser267,46,
Tata HarperMini Purifying Pore Detox Cleanser170,46.00: ,
Tata HarperNourishing Makeup Removing Oil Cleanser98,88,
Tata HarperPurifying Pore & Blackhead Detox Mask130,75,
Tata HarperPurifying Pore Detox Cleanser170,46.00 -,88
Tata HarperRegenerating Exfoliating Cleanser700,46.00 -,88
Tata HarperRejuvenating Anti-Aging Serum242,146,
Tata HarperRepairative Anti-Aging Moisturizer136,130,
Tata HarperRestorative Plumping + Brightening Refillable Eye Cream213,115.00 -,130
Tata HarperResurfacing + Smoothing Body Serum with AHAs64,155,
Tata HarperResurfacing BHA Glow Mask849,68,
Tata HarperRetinoic Nutrient Face Oil With Vitamin A75,165,
Tata HarperRevitalizing Anti-Aging Body Oil38,120,
Tata HarperSuperkind Fragrance-Free Bio-Barrier Serum44,146,
Tata HarperSuperkind Fragrance-Free Fortifying Moisturizer50,130,
Tata HarperSuperkind Fragrance-Free Radiance Mask5,68,
Tata HarperSuperkind Fragrance-Free Softening Cleanser48,88,
Tata HarperSuperkind Refining Cleanser2,88,
Tata HarperTata's Daily Essentials Kit120,75,
Tata HarperThe Clean Dream Team Set3,75,
Tata HarperWater-Lock Refillable Moisturizer with Skin-Smoothing Peptides346,62.00 -,68
TatchaAburatorigami Japanese Blotting Papers54,14.00: ,
TatchaAgeless Revitalizing Neck Cream20,112,
TatchaCamellia Gold Spun Lip Balm673,30,
TatchaDewy Cleanse + Hydrate Duo50,27,
TatchaGold Camellia Beauty Oil181,98,
TatchaHinoki Body Milk Lotion178,25.00 -,48
TatchaHinoki Gentle Exfoliating Body Wash171,18.00 -,34
TatchaHinoki Hydrating Body Oil170,28.00 -,58
TatchaKissu Lip Mask Duo9,48.00: ,
TatchaLuminous Deep Hydration Lifting Mask82,95,
TatchaLuminous Dewy Skin Mist2K,22.00 -,49
TatchaMini Deep Cleanse Gentle Exfoliating Cleanser2.4K,18,
TatchaMini Dewy Skin Mist2K,22,
TatchaMini Favorites Set24,68,
TatchaMini Hinoki Body Milk Lotion178,25,
TatchaMini Hinoki Gentle Exfoliating Body Wash171,18,
TatchaMini Hinoki Hydrating Body Oil170,28,
TatchaMini Indigo Overnight Repair Serum in Cream Treatment1.1K,22,
TatchaMini Liquid Silk Canvas: Featherweight Protective Primer1.8K,24,
TatchaMini Rice Wash Skin-Softening Cleanser2.5K,18,
TatchaMini The Essence Skincare Boosting Treatment2.5K,65,
TatchaMini The Silk Sunscreen Mineral Broad Spectrum SPF 50 PA++++ with Hyaluronic Acid and Niacinamide491,25,
TatchaMini The Water Cream4.2K,22,
TatchaStrengthening Nighttime Ritual Set11,95,
TatchaThe Camellia Oil 2-in-1 Makeup Remover & Cleanser1.8K,50,
TatchaThe Clarifying Clay Mask Exfoliating Pore Treatment210,70,
TatchaThe Deep Cleanse Gentle Exfoliating Cleanser2.4K,18.00 -,40
TatchaThe Dewy Serum Resurfacing and Plumping Treatment1.4K,89,
TatchaThe Dewy Skin Cream Plumping & Hydrating Moisturizer3.2K,22.00 -,85
TatchaThe Essence Skincare Boosting Treatment2.5K,65.00 -,110
TatchaThe Liquid Silk Canvas: Featherweight Protective Primer1.8K,24.00 -,54
TatchaThe Rice Polish Foaming Enzyme Powder1.7K,68,
TatchaThe Rice Wash Skin-Softening Cleanser2.5K,18.00 -,58
TatchaThe Serum Stick: Treatment & Touch Up Balm1.3K,49,
TatchaThe Silk Canvas Protective Primer4.2K,24.00 -,54
TatchaThe Silk Cream260,125,
TatchaThe Silk Peony Melting Eye Cream1.6K,62,
TatchaThe Silk Powder Protective Setting Powder1.4K,24.00 -,49
TatchaThe Silk Serum Wrinkle-Smoothing Retinol Alternative182,98,
TatchaThe Silk Sunscreen Mineral Broad Spectrum SPF 50 PA++++ with Hyaluronic Acid and Niacinamide491,25.00 -,62
TatchaThe Texture Tonic AHA Liquid Exfoliating Treatment219,62,
TatchaViolet-C Brightening Serum 20% Vitamin C + 10% AHA1.6K,89,
TatchaViolet-C Radiance Mask652,70,
The INKEY List15% Vitamin C and EGF Brightening Serum680,15.99,
The INKEY ListBrighten-i Eye Cream1.1K,12.99,
The INKEY ListC-50 Blemish Night Treatment59,15.99,
The INKEY ListFulvic Acid Brightening Cleanser347,5.99 -,11.99
The INKEY ListHyaluronic Acid Cleanser226,10.99,
The INKEY ListMandelic Acid Treatment201,11.99,
The INKEY ListMini Fulvic Acid Brightening Cleanser347,5.99,
The INKEY ListMini Oat Cleansing Balm3.3K,5.99,
The INKEY ListOmega Water Cream Moisturizer833,10.99,
The INKEY ListPeptide Moisturizer795,15.99,
The INKEY ListRetinol Eye Cream664,12.99,
The INKEY ListSuccinic Acid Acne Treatment935,9.99,
The INKEY ListSuperSolutions 1% Retinol Serum80,24.99,
The INKEY ListSuperSolutions 10% Azelaic Serum Redness Relief Solution77,17.99,
The INKEY ListSuperSolutions 10% Urea Moisturizer Textured Skin Solution65,19.99,
The INKEY ListSuperSolutions 20% Niacinamide Serum71,17.99,
The INKEY ListSuperSolutions 5% Benzoyl Peroxide Cleanser Acne Solution82,17.99,
The INKEY ListSymbright® Brightening Moisturizer75,13.99,
"The INKEY ListVitamin B, C, and E Moisturizer297",7.99,
"The Nue Co.Barrier Culture Cleanser Pre-, Pro- & Postbiotic Face Wash15",42,
The Nue Co.Barrier Culture Moisturizer with Niacinamide & Squalane17,65,
The Nue Co.Debloat+ Anti-Bloat Supplement with Digestive Enzymes170,18.00 -,45
The Nue Co.Forest Lungs Anti-Stress Fragrance Travel Spray201,30,
The Nue Co.Mini Debloat+ Anti-Bloat Supplement with Digestive Enzymes30,18,
The Nue Co.Prebiotic + Probiotic Vegan Gut Microbiome Supplement169,55,
The Nue Co.Skin Filter Daily Brightening Phyto-Retinol + AHA Serum21,65,
The Nue Co.Skin Filter Vitamin A and Zinc Blemish + Brightening Supplement160,45,
The Nue Co.Skin Hydrator Ceramide and Hyaluronic Acid Supplement160,45,
The OutsetDaily Essentials Travel Set108,50,
The OutsetFirming Vegan Collagen Prep Serum189,46,
The OutsetGentle Micellar Antioxidant Cleanser112,32,
The OutsetNourishing Squalane Daily Moisturizer116,44,
The OutsetRestorative Niacinamide Night Cream154,54,
The OutsetSmoothing Eye Cream + Restorative Night Cream Set,75,
The OutsetSmoothing Vitamin C Eye + Expression Lines Cream125,42,
TopicalsFaded Serum for Dark Spots & Discoloration959,18.00 -,38
TopicalsHigh Roller Ingrown Hair Tonic with AHA and BHA220,26,
"TopicalsLike Butter Moisturizer for Dry, Sensitive & Eczema-Prone Skin220",34,
TopicalsMini Faded Serum for Dark Spots & Discoloration959,18,
TopicalsSlather Exfoliating Body Serum with Retinol and AHAs181,30,
TouchlandGlow Mist Rejuvenating Hand Sanitizer48,16,
TouchlandPower Mist Hydrating Hand Sanitizer200,10,
Tower 28 BeautyMini SOS Daily Rescue Facial Spray196,12,
Tower 28 BeautySOS Daily Rescue Facial Spray679,12.00 -,28
Tower 28 BeautySOS Intensive Redness Relief Serum168,34,
TULA Skincare24-7 Moisture Hydrating Day & Night Cream403,26.00 -,88
TULA Skincare24-7 Moisture Intense Ultra Hydrating Day & Night Cream with Hyaluronic Acid + Squalane110,58,
TULA Skincare24-7 Power Swipe™ Hydrating Day & Night Treatment Eye Balm185,38,
"TULA Skincare24-7 Ultra Hydration Triple-Hydra™ Complex Day & Night Serum with Hyaluronic Acid, Squalane & Collagen5",48,
TULA SkincareBalancing Act Purifying & pH Balancing Biodegradable Toner Pads55,36,
TULA SkincareBalmy & Bright AM/PM Eye Balm Duo3,49,
TULA SkincareBeauty Sleep Overnight Repair Treatment Cream with AHA's and Vitamin C73,68,
TULA SkincareBright Start Vitamin C Antioxidant Brightening Moisturizer230,56,
TULA SkincareBrighten Up Smoothing Primer Gel59,34,
TULA SkincareBrightening Treatment Drops Triple Vitamin C Serum281,56,
TULA SkincareClaydate Detoxifying & Toning Face Mask Stick36,36,
TULA SkincareEye Recharge + Replenish Pro-Ferm™ Overnight Eye Cream with Bakuchiol and Peptides127,56,
TULA SkincareFirm Up Deep Wrinkle Serum38,84,
TULA SkincareGlow + Get It Cooling & Brightening Eye Balm341,30,
TULA SkincareHello Radiance Illuminating Serum55,68,
TULA SkincareInstant De-Puff Eye Real Serum76,58,
TULA SkincareMini 24-7 Moisture Hydrating Day & Night Cream403,26,
TULA SkincareMini The Cult Classic Purifying Face Cleanser416,12,
TULA SkincareOn The Go Best Sellers Travel Kit93,49,
TULA SkincarePrime of Your Life Smoothing & Firming Treatment Primer49,42,
TULA SkincareProtect + Plump Firming & Hydrating Face Moisturizer54,64,
TULA SkincareRevive + Rewind Revitalizing Eye Cream46,52,
TULA SkincareRose Glow + Get It Cooling & Brightening Eye Balm376,32,
TULA SkincareSecret Solutions Pro-Glycolic® 10% Resurfacing Toner68,46,
TULA SkincareSensitive Skin Treatment Drops Calming Vitamin B Serum49,48,
TULA SkincareSo Polished Exfoliating Sugar Scrub52,34,
TULA SkincareSo Poreless Deep Exfoliating Blackhead Scrub52,34,
TULA SkincareSo Smooth Resurfacing & Brightening Fruit Enzyme Mask44,36,
TULA SkincareThe Cult Classic Purifying Face Cleanser416,12.00 -,34
TULA SkincareWrinkle Treatment Drops Retinol Alternative Serum47,68,
TULA SkincareYour Best Skin at Every Age Firming & Smoothing Discovery Kit41,66,
Wander BeautyBaggage Claim Eye Masks490,26,
Wander BeautyBaggage Claim Rose Gold Eye Masks71,26,
WASOKOSHIRICE Acne Calming Spot Treatment443,25,
WASOSATOCANE Pore Purifying Scrub Mask494,38,
WASOSHIKULIME Color Control Oil-Free Moisturizer SPF 30491,36,
WASOSHIKULIME Gel-to-Oil Cleanser506,28,
WASOSHIKULIME Mega Hydrating Moisturizer540,36,
WASOYUZU-C Beauty Sleeping Mask484,38,
WASOYUZU-C Eye Awakening Essence374,30,
WASOYUZU-C Glow-On Shot Serum366,45,
Westman AtelierSkin Activator Serum with Hyaluronic Acid + Niacinamide1,150,
WishfulGet Even Rose Face Oil379,63,
WishfulHoney Balm Niacinamide Moisturizer658,43,
WishfulHoney Whip Peptide and Collagen Moisturizer331,43,
WishfulHydrate & Glow Trio8,29.00: ,
WishfulLift & Contour 1% Bakuchiol & Peptide Eye Serum26,45,
WishfulMini Yo Glow AHA & BHA Facial Enzyme Scrub2.3K,21,
WishfulPillowgasm Vitamin-Rich Cherry Glow Sleep Mask66,39.00: ,
WishfulThirst Trap Juice Hyaluronic Acid & Peptide Hydrating Facial Serum434,47,
WishfulYo Detox Charcoal Face & Body Enzyme Scrub463,39.00: ,
WishfulYo Glow AHA & BHA Facial Enzyme Scrub2.3K,21.00 -,39
Youth To The People15% Vitamin C + Clean Caffeine Energy Serum996,69,
Youth To The PeopleAdaptogen Deep Moisturizing Cream with Ashwagandha + Reishi2.1K,18.00 -,58
Youth To The PeopleMini Mandelic Acid + Superfood Unity Exfoliant7,16,
Youth To The PeoplePeptides + C Energy Eye Concentrate with Vitamin C and Caffeine57,48,
Youth To The PeoplePolypeptide-121 Future Cream with Peptides and Ceramides385,68,
Youth To The PeopleRetinal + Niacinamide Youth Serum318,69,
Youth To The PeopleSuperberry Hydrate + Glow Dream Night Mask with Vitamin C2.4K,18.00 -,52
Youth To The PeopleSuperfood Air-Whip Lightweight Moisturizer with Hyaluronic Acid1.7K,48,
Youth To The PeopleSuperfood Antioxidant Refillable Cleanser5.9K,14.00 -,68
Youth To The PeopleThe Youth System™79,59,
Youth To The PeopleYouth Stacks™: Brighter Tomorrow Duo for Dullness3,28,
Youth To The PeopleYouth Stacks™: Daily Skin Health Your Way for Pores and Oiliness5,20,
"Youth To The PeopleYouth Stacks™: Plump It Up for Dry, Dehydrated Skin8",28,
TouchlandPower Mist Hydrating Hand Sanitizer200,10,